{
	"status": 200,
	"appStatus": 0,
	"currencyList": [
		{
			"currencyId": 300001,
			"currency": "AED",
			"description": "United Arab Emirates Dirham1",
			"countryName": "United Arab Emirates",
			"currencyCode":"\uF156"
		},
		{
			"currencyId": 300002,
			"currency": "ARS",
			"description": "Argentine Peso",
			"countryName": "Argentina",
			"currencyCode":"\uF156"
		},
		{
			"currencyId": 300003,
			"currency": "AUD",
			"description": "Australian Dollar",
			"countryName": "Australia",
			"currencyCode":"\uF156"
		},
		{
			"currencyId": 300004,
			"currency": "BGN",
			"description": "Bulgarian Lev",
			"countryName": "Bulgaria",
			"currencyCode":"\uF156"
		},
		{
			"currencyId": 300005,
			"currency": "BND",
			"description": "Brunei Dollar",
			"countryName": "Brunei",
			"currencyCode":"\uF156"
		},
		{
			"currencyId": 300006,
			"currency": "BOB",
			"description": "Bolivian Boliviano",
			"countryName": "Bolivia",
			"currencyCode":"\uF156"
		},
		{
			"currencyId": 300007,
			"currency": "BRL",
			"description": "Brazilian Real",
			"countryName": "Brazil",
			"currencyCode":"\uF156"
		},
		{
			"currencyId": 300008,
			"currency": "CAD",
			"description": "Canadian Dollar",
			"countryName": "Canada",
			"currencyCode":"\uF156"
		},
		{
			"currencyId": 300009,
			"currency": "CHF",
			"description": "Swiss Franc",
			"countryName": "Switzerland",
			"currencyCode":"\uF156"
		},
		{
			"currencyId": 300010,
			"currency": "CLP",
			"description": "Chilean Peso",
			"countryName": "Chile",
			"currencyCode":"\uF156"
		},
		{
			"currencyId": 300011,
			"currency": "CNY",
			"description": "Chinese Yuan",
			"countryName": "China",
			"currencyCode":"\uF157"
		},
		{
			"currencyId": 300012,
			"currency": "COP",
			"description": "Colombian Peso",
			"countryName": "Colombia",
			"currencyCode":"\uF0C5"
		},
		{
			"currencyId": 300013,
			"currency": "CZK",
			"description": "Czech Republic Koruna",
			"countryName": "Czech Republic",
			"currencyCode":"\uF156"
		},
		{
			"currencyId": 300014,
			"currency": "DKK",
			"description": "Danish Krone",
			"countryName": "Denmark",
			"currencyCode":"\uF156"
		},
		{
			"currencyId": 300015,
			"currency": "EGP",
			"description": "Egyptian Pound",
			"countryName": "Egypt",
			"currencyCode":"\uF156"
		},
		{
			"currencyId": 300016,
			"currency": "EUR",
			"description": "Euro",
			"countryName": "Euro",
			"currencyCode":"\u20AC"
		},
		{
			"currencyId": 300017,
			"currency": "FJD",
			"description": "Fijian Dollar",
			"countryName": "Fiji",
			"currencyCode":"\uF156"
		},
		{
			"currencyId": 300018,
			"currency": "GBP",
			"description": "British Pound Sterling",
			"countryName": "England",
			"currencyCode":"\u00A3"
		},
		{
			"currencyId": 300019,
			"currency": "HKD",
			"description": "Hong Kong Dollar",
			"countryName": "Hong Kong",
			"currencyCode":"\uF156"
		},
		{
			"currencyId": 300020,
			"currency": "HRK",
			"description": "Croatian Kuna",
			"countryName": "Croatia",
			"currencyCode":"\uF156"
		},
		{
			"currencyId": 300021,
			"currency": "HUF",
			"description": "Hungarian Forint",
			"countryName": "Hungary",
			"currencyCode":"\uF156"
		},
		{
			"currencyId": 300022,
			"currency": "IDR",
			"description": "Indonesian Rupiah",
			"countryName": "Indonesia",
			"currencyCode":"\uF156"
		},
		{
			"currencyId": 300023,
			"currency": "ILS",
			"description": "Israeli New Sheqel",
			"countryName": "Israel",
			"currencyCode":"\uF20B"
		},
		{
			"currencyId": 300024,
			"currency": "INR",
			"description": "Indian Rupee",
			"countryName": "India",
			"currencyCode":"\u20B9"
		},
		{
			"currencyId": 300025,
			"currency": "JPY",
			"description": "Japanese Yen",
			"countryName": "Japan",
			"currencyCode":"\uF157"
		},
		{
			"currencyId": 300026,
			"currency": "KES",
			"description": "Kenyan Shilling",
			"countryName": "Kenya",
			"currencyCode":"\uF156"
		},
		{
			"currencyId": 300027,
			"currency": "KRW",
			"description": "South Korean Won",
			"countryName": "South Korea",
			"currencyCode":"\uF159"
		},
		{
			"currencyId": 300028,
			"currency": "MAD",
			"description": "Moroccan Dirham",
			"countryName": "Morocco",
			"currencyCode":"\uF156"
		},
		{
			"currencyId": 300029,
			"currency": "MXN",
			"description": "Mexican Peso",
			"countryName": "Mexico",
			"currencyCode":"\uF156"
		},
		{
			"currencyId": 300030,
			"currency": "MYR",
			"description": "Malaysian Ringgit",
			"countryName": "Malaysia",
			"currencyCode":"\uF156"
		},
		{
			"currencyId": 300031,
			"currency": "NOK",
			"description": "Norwegian Krone",
			"countryName": "Norway",
			"currencyCode":"\uF156"
		},
		{
			"currencyId": 300032,
			"currency": "NZD",
			"description": "New Zealand Dollar",
			"countryName": "New Zealand",
			"currencyCode":"\uF156"
		},
		{
			"currencyId": 300033,
			"currency": "PEN",
			"description": "Peruvian Nuevo Sol",
			"countryName": "Peru",
			"currencyCode":"\uF040"
		},
		{
			"currencyId": 300034,
			"currency": "PHP",
			"description": "Philippine Peso",
			"countryName": "Philippines",
			"currencyCode":"\uF156"
		},
		{
			"currencyId": 300035,
			"currency": "PKR",
			"description": "Pakistani Rupee",
			"countryName": "Pakistan",
			"currencyCode":"\uF156"
		},
		{
			"currencyId": 300036,
			"currency": "PLN",
			"description": "Polish Zloty",
			"countryName": "Poland",
			"currencyCode":"\uF156"
		},
		{
			"currencyId": 300037,
			"currency": "RON",
			"description": "Romanian Leu",
			"countryName": "Romania",
			"currencyCode":"\uF156"
		},
		{
			"currencyId": 300038,
			"currency": "RSD",
			"description": "Serbian Dinar",
			"countryName": "Serbia",
			"currencyCode":"\uF156"
		},
		{
			"currencyId": 300039,
			"currency": "RUB",
			"description": "Russian Ruble",
			"countryName": "Russia",
			"currencyCode":"\uF158"
		},
		{
			"currencyId": 300040,
			"currency": "SAR",
			"description": "Saudi Riyal",
			"countryName": "Saudi Arabia",
			"currencyCode":"\uF156"
		},
		{
			"currencyId": 300041,
			"currency": "SEK",
			"description": "Swedish Krona",
			"countryName": "Sweden",
			"currencyCode":"\uF156"
		},
		{
			"currencyId": 300042,
			"currency": "SGD",
			"description": "Singapore Dollar",
			"countryName": "Singapore",
			"currencyCode":"\uF156"
		},
		{
			"currencyId": 300043,
			"currency": "THB",
			"description": "Thai Baht",
			"countryName": "Thailand",
			"currencyCode":"\uF156"
		},
		{
			"currencyId": 300044,
			"currency": "TRY",
			"description": "Turkish Lira",
			"countryName": "Turkey",
			"currencyCode":"\uF195"
		},
		{
			"currencyId": 300045,
			"currency": "TWD",
			"description": "New Taiwan Dollar",
			"countryName": "Taiwan",
			"currencyCode":"\uF156"
		},
		{
			"currencyId": 300046,
			"currency": "UAH",
			"description": "Ukrainian Hryvnia",
			"countryName": "Ukraine",
			"currencyCode":"\uF156"
		},
		{
			"currencyId": 300047,
			"currency": "USD",
			"description": "United States Dollar",
			"countryName": "United States of America",
			"currencyCode":"\u0024"
		},
		{
			"currencyId": 300048,
			"currency": "VEF",
			"description": "Venezuelan Bolívar Fuerte",
			"countryName": "Venezuela",
			"currencyCode":"\uF156"
		},
		{
			"currencyId": 300049,
			"currency": "VND",
			"description": "Vietnamese Dong",
			"countryName": "Vietnam",
			"currencyCode":"\uF156"
		},
		{
			"currencyId": 300050,
			"currency": "ZAR",
			"description": "South African Rand",
			"countryName": "South Africa",
			"currencyCode":"\uF156"
		},
		{
			"currencyId": 300078,
			"currency": "AUT",
			"description": "Automation Currency",
			"countryName": "CKC Chennai",
			"currencyCode":"\uF156"
		}
	]
}

