{
	"audienceDetails": [
            {
			"fieldset": {
				"type": "fieldset",				
				"fields": {
				 "promotedObject": {
						"type": "promotedObject",						
						"placeholder": "promotedObject"
					  }
				}
			}
		},
		{
			"fieldset": {
				"type": "fieldset",				
				"fields": {
				 "location": {
						"type": "location",						
						"placeholder": "search",						
						"class":"mapInclude"
					  },
					  "age": {
						"type": "age",						
						"placeholder": "text"						
					  },
					    "gender": {
						"type": "gender",						
						"placeholder": "text"
					  },
					   "language": {
						"type": "language",						
						"placeholder": "search"						
					  },
					  "detailedTargeting":{
					  "type":"detailedTargeting"					
					  }
				}
			}
		},
		{
			"fieldset": {
				"type": "fieldset",				
				"fields": {										
					"placements": {
						"type": "placements"											
					  }
				}
			}
		},
		{
			"fieldset": {
				"type": "fieldset",				
				"fields": {	
	               "button2": {
						"type": "button",
						"label": "Cancel",
						"class": "btn cus-btn-cancel btn-ca-margin",
						"callback": "gotoParentCampaign()"
					},				
					"button1": {
						"type": "button",
						"label": "Save & proceed to next step >",
						"class": "btn cus-btn-confirm btn-margin",
						"callback": "createCampaignAudience()"
					}				
				}
			}
		}
	]
}