{
	"creativeDetails": [
		{
			"fieldset": {
				"type": "fieldset",				
				"fields": {										
					"creativeImage": {
						"type": "creativeImage"											
					  }
				}
			}
		},
		{
			"fieldset": {
				"type": "fieldset",				
				"fields": {										
					"creativeVideo": {
						"type": "creativeVideo"											
					  }
				}
			}
		},
		{
			"fieldset": {
				"type": "fieldset",				
				"fields": {										
					"creativeSlideshow": {
						"type": "creativeSlideshow"											
					  }
				}
			}
		},
		{
			"fieldset": {
				"type": "fieldset",				
				"fields": {										
					"creativeUpload": {
						"type": "creativeUpload"											
					  }
				}
			}
		},
		{
			"fieldset": {
				"type": "fieldset",				
				"fields": {										
					"creativePreview": {
						"type": "creativePreview"											
					  }
				}
			}
		},
		{
			"fieldset": {
				"type": "fieldset",				
				"fields": {	
	               "button2": {
						"type": "button",
						"label": "Cancel",
						"class": "btn cus-btn-cancel btn-ca-margin",
						"callback": "gotoParentCampaign()"
					},				
					"button1": {
						"type": "button",
						"label": "Save & proceed to next step >",
						"class": "btn cus-btn-confirm btn-margin",
						"callback": "createCampaignAudience()"
					}				
				}
			}
		},
                {
			"fieldset": {
				"type": "fieldset",				
				"fields": {
				 "errorPopup": {
						"type": "errorPopup",						
						"placeholder": "errorPopup"
					  }
				}
			}
		},
                {
			"fieldset": {
				"type": "fieldset",				
				"fields": {
				 "successPopup": {
						"type": "successPopup",						
						"placeholder": "successPopup"
					  }
				}
			}
		},
                {
			"fieldset": {
				"type": "fieldset",				
				"fields": {
				 "progressLoader": {
						"type": "progressLoader",						
						"placeholder": "progressLoader"
					  }
				}
			}
		}
	]
}