{
	"campaignPlan": [
		{
		"fieldset": {
				"type": "fieldset",
				"label": "",
				"fields": {
					"stepTitle": {
						"type": "stepTitle",
						"placeholder": "stepTitle",
						"required":"no",
						"visibility":"show",
						"content": {
							"mainTitle": "Budget",
							"subTitle": "Define how much you would like to spend. Learn More",
							"image":"images/campaign/budget.svg"
						}				
						
					},
					"budgetDropdown": {
						"type": "budgetDropdown",
						"label": "",
						"placeholder": "budgetDropdown",
						"required":"yes",
						"visibility":"show",
						"content":{
							
						}
					}
				}
			}
		},
		{
		"fieldset": {
				"type": "fieldset",
				"label": "",
				"fields": {		
					"stepTitle2": {
						"type": "stepTitle2",
						"placeholder": "stepTitle2",
						"required":"no",
						"visibility":"show",
						"content": {
							"mainTitle": "Schedule",
							"subTitle": "Define when you'd like your adverts to appear. Learn More",
							"image":"images/campaign/schedule.svg"
						}				
						
					},
					"dateSchedule": {
						"type": "dateSchedule",
						"label": "",
						"placeholder": "dateSchedule",
						"required":"yes",
						"visibility":"show",
						"content":{
							
						}
					},
					"advertName": {
						"type": "advertName",
						"label": "",
						"placeholder": "advertName",
						"required":"yes",
						"visibility":"show",
						"content":{
							
						}
					},
					"optimizationGoal": {
						"type": "optimizationGoal",
						"label": "",
						"placeholder": "optimizationGoal",
						"required":"yes",
						"visibility":"show",
						"content":{
							
						}
					},
					"bidAmount": {
						"type": "bidAmount",
						"label": "",
						"placeholder": "bidAmount",
						"required":"yes",
						"visibility":"show",
						"content":{
							
						}
					},
					"chargedOption": {
						"type": "chargedOption",
						"label": "",
						"placeholder": "chargedOption",
						"required":"yes",
						"visibility":"show",
						"content":{
							
						}
					},
					"advertScheduling": {
						"type": "advertScheduling",
						"label": "",
						"placeholder": "advertScheduling",
						"required":"yes",						
						"visibility":"show",
						"callback": ""
					},
					"deliveryType": {
						"type": "deliveryType",
						"label": "",
						"placeholder": "deliveryType",
						"required":"yes",
						"visibility":"show",
						"content":{
							
						}
					}
					
				}
			}
		},		
		{"fieldset": {
				"type": "fieldset",
				"label": "",
				"fields": {					
					"button1": {
						"type": "button",
						"label": "Save & proceed to next step >",
						"required":"yes",
						"visibility":"show",
						"class": "is-btn-disabled btn cus-btn-confirm btn-margin",
						"callback": "postCampaignPlan(campaignPlanForm)"
					},
					"button2": {
						"type": "button",
						"label": "Cancel",
						"required":"yes",
						"visibility":"show",
						"class": "btn cus-btn-cancel btn-ca-margin",
						"callback": "gotoParentCampaign()"
					}
				}
			}
		},
                {
		"fieldset": {
				"type": "fieldset",				
				"fields": {
				 "errorPopup": {
						"type": "errorPopup",						
						"placeholder": "errorPopup"
					  }
				}
			}
		},
                {
			"fieldset": {
				"type": "fieldset",				
				"fields": {
				 "progressLoader": {
						"type": "progressLoader",						
						"placeholder": "progressLoader"
					  }
				}
			}
		}
	]
}