<?xml version="1.0" encoding="UTF-8" ?>
<root page="campaignDetails" objective="Boost Your Post">
<campaignDetails>
		<fieldset>
			<type>fieldset</type>
			<label></label>
			<fields>
				<stepTitle>
					<type>stepTitle</type>
					<placeholder>stepTitle</placeholder>
					<required>no</required>
					<visibility>show</visibility>
					<content>
						<mainTitle>Marketing Objective</mainTitle>
						<subTitle>What is your marketing objective</subTitle>
						<image>images/campaign/marketing_objective.svg</image>
					</content>
				</stepTitle>
				<step1>
					<type>step1</type>
					<label></label>
					<placeholder>step1</placeholder>
					<required>yes</required>
					<visibility>show</visibility>
					<content>
						<Awareness>
							<images>images/campaign/post.svg</images>
							<images>images/campaign/promote.svg</images>
							<images>images/campaign/places.svg</images>
							<images>images/campaign/increase.svg</images>
							<values>POST_ENGAGEMENT</values>
							<values>PAGE_LIKES</values>
							<values>REACH</values>
							<values>BRAND_AWARENESS</values>
							<names>Boost your posts</names>
							<names>Promote your page</names>
							<names>Reach People near your business</names>
							<names>Increase Brand Awareness</names>
						</Awareness>
						<Consideration>
							<images>images/campaign/promote.svg</images>
							<images>images/campaign/app.svg</images>
							<images>images/campaign/event.svg</images>
							<images>images/campaign/video.svg</images>
							<images>images/campaign/leader.svg</images>
							<values>LINK_CLICKS</values>
							<values>APP_INSTALLS</values>
							<values>EVENT_RESPONSES</values>
							<values>VIDEO_VIEWS</values>
							<values>LEAD_GENERATION</values>
							<names>Send people to your website</names>
							<names>Get installs of your app</names>
							<names>Raise attendance at your events</names>
							<names>videos views</names>
							<names>Collect leads for your business</names>
						</Consideration>
						<Conversion>
							<images>images/campaign/desktop.svg</images>
							<images>images/campaign/post.svg</images>
							<images>images/campaign/offer.svg</images>
							<values>CONVERSIONS</values>
							<values>CANVAS_APP_ENGAGEMENT</values>
							<values>OFFER_CLAIMS</values>
							<names>Increase conversions on website</names>
							<names>Increase engagements on your app</names>
							<names>Get people to claim your offer</names>
						</Conversion>
					</content>
				</step1>
			</fields>
</fieldset>
	</campaignDetails>
	<campaignDetails>
		<fieldset>
			<type>fieldset</type>
			<label></label>
			<fields>
				<step2>
					<type>step2</type>
					<label></label>
					<placeholder>step2</placeholder>
					<required>yes</required>
					<visibility>hide</visibility>
					<content>
						<mainTitle>Campaign Name</mainTitle>
						<subTitle>Get more people to see and engage your post</subTitle>
						<image>images/twitter/campaign-name1.svg</image>
					</content>
				</step2>
			</fields>
		</fieldset>
	</campaignDetails>
	<campaignDetails>
		<fieldset>
			<type>fieldset</type>
			<label></label>

			<fields>
				<button1>
					<type>button</type>
					<label>Save  proceed to next step ></label>
					<required>yes</required>
					<visibility>show</visibility>
					<class>is-btn-disabled btn cus-btn-confirm btn-margin</class>
					<callback>createCampaign()</callback>
				</button1>
				<button2>
					<type>button</type>
					<label>Cancel</label>
					<required>yes</required>
					<visibility>show</visibility>
					<class>btn cus-btn-cancel btn-ca-margin</class>
					<callback>gotoParentCampaign()</callback>
				</button2>
			</fields>
			</fieldset>
	</campaignDetails>

</root>