{
	"campaignDetails": [
		{
		"fieldset": {
				"type": "fieldset",
				"label": "",
				"fields": {
					"stepTitle": {
						"type": "stepTitle",
						"placeholder": "stepTitle",
						"required":"no",
						"visibility":"show",
						"content": {
							"mainTitle": "Marketing Objective",
							"subTitle": "What is your marketing objective",
							"image":"images/campaign/marketing_objective.svg"
						}				
						
					},
					"step1": {
						"type": "step1",
						"label": "",
						"placeholder": "step1",
						"required":"yes",
						"visibility":"show",
						"content":{
							"Awareness": {
								"images": ["images/campaign/post.svg", "images/campaign/promote.svg", "images/campaign/places.svg", 		"images/campaign/increase.svg"],
								"values":["POST_ENGAGEMENT","PAGE_LIKES","REACH","BRAND_AWARENESS"],
								"names": ["Boost your posts","Promote your page","Reach People near your business","Increase Brand Awareness"]
							},
							"Consideration": {
								"images": ["images/campaign/promote.svg", "images/campaign/app.svg", "images/campaign/event.svg", "images/campaign/video.svg", "images/campaign/leader.svg"],
								"values":["LINK_CLICKS","APP_INSTALLS","EVENT_RESPONSES","VIDEO_VIEWS","LEAD_GENERATION"],
								"names": ["Send people to your website1","Get installs of your app","Raise attendance at your events","videos views","Collect leads for your business"]
							},
							"Conversion": {
								"images":[ "images/campaign/desktop.svg", "images/campaign/post.svg", "images/campaign/offer.svg"],
								"values":["CONVERSIONS","CANVAS_APP_ENGAGEMENT","OFFER_CLAIMS"],
								"names": ["Increase conversions on website","Increase engagements on your app","Get people to claim your offer"]
							}
						}
					}
				}
			}
		},
		{
		"fieldset": {
				"type": "fieldset",
				"label": "",		
				"fields": {
					"step2": {
						"type": "step2",
						"label": "",
						"placeholder": "step2",
						"required":"yes",
						"visibility":"hide",
						"content": {
							"mainTitle": "Campaign Name",
							"subTitle": "Get more people to see and engage your post",
							"image":"images/twitter/campaign-name1.svg"
						}	
					}
				}
			}
		},
		{"fieldset": {
				"type": "fieldset",
				"label": "",
				"fields": {					
					"button1": {
						"type": "button",
						"label": "Save & proceed to next step >",
						"required":"yes",
						"visibility":"show",
						"class": "is-btn-disabled btn cus-btn-confirm btn-margin",
						"callback": "createCampaign()"
					},
					"button2": {
						"type": "button",
						"label": "Cancel",
						"required":"yes",
						"visibility":"show",
						"class": "btn cus-btn-cancel btn-ca-margin",
						"callback": "gotoParentCampaign()"
					}
				}
			}
		},
                {
			"fieldset": {
				"type": "fieldset",				
				"fields": {
				 "errorPopup": {
						"type": "errorPopup",						
						"placeholder": "errorPopup"
					  }
				}
			}
		},
                {
			"fieldset": {
				"type": "fieldset",				
				"fields": {
				 "progressLoader": {
						"type": "progressLoader",						
						"placeholder": "progressLoader"
					  }
				}
			}
		}
	]
}