{  
   "status":200,
   "appStatus":0,
   "parentCampaigns":[  
      {  
         "parentCampaignId":5000001,
         "parentCampaignName":"HUL_DOVE_Summer_2016",
         "startDate":"12-10-2016 17:39:06",
         "endDate":"12-10-2016 17:39:06",
         "parentCampaignStatus":"DELETED",
         "createdOn":"15-01-1970 14:55:35",
         "createdBy":"user@cts.com",
         "modifiedOn":"29-11-2016 09:47:55",
         "modifiedBy":"WagonR@maruti.com"
      },
      {  
         "parentCampaignId":5000002,
         "parentCampaignName":"Campaign Name 1",
         "startDate":"12-10-2016 17:39:06",
         "endDate":"12-10-2016 17:39:06",
         "parentCampaignStatus":"DELETED",
         "createdOn":"12-10-2016 17:39:06",
         "createdBy":"user@cts.com",
         "modifiedOn":"25-11-2016 17:09:08",
         "modifiedBy":"WagonR@maruti.com"
      },
      {  
         "parentCampaignId":5000003,
         "parentCampaignName":"New Campaign - 2",
         "startDate":"12-10-2016 17:39:06",
         "endDate":"12-10-2016 17:39:06",
         "parentCampaignStatus":"live",
         "createdOn":"12-10-2016 17:39:06",
         "createdBy":"user@cts.com",
         "modifiedOn":"12-10-2016 17:39:06",
         "modifiedBy":"user@cts.com"
      },
      {  
         "parentCampaignId":5000004,
         "parentCampaignName":"Campaign Name 3",
         "startDate":"12-10-2016 17:39:06",
         "endDate":"12-10-2016 17:39:06",
         "parentCampaignStatus":"live",
         "createdOn":"12-10-2016 17:39:06",
         "createdBy":"user@cts.com",
         "modifiedOn":"12-10-2016 17:39:06",
         "modifiedBy":"user@cts.com"
      },
      {  
         "parentCampaignId":5000005,
         "parentCampaignName":"Adtech Campaign ",
         "startDate":"12-10-2016 17:39:06",
         "endDate":"12-10-2016 17:39:06",
         "parentCampaignStatus":"live",
         "createdOn":"12-10-2016 17:39:06",
         "createdBy":"user@cts.com",
         "modifiedOn":"12-10-2016 17:39:06",
         "modifiedBy":"user@cts.com"
      },
      {  
         "parentCampaignId":5000006,
         "parentCampaignName":"Cognizant name 5",
         "startDate":"12-10-2016 17:39:06",
         "endDate":"12-10-2016 17:39:06",
         "parentCampaignStatus":"live",
         "createdOn":"12-10-2016 17:39:06",
         "createdBy":"user@cts.com",
         "modifiedOn":"12-10-2016 17:39:06",
         "modifiedBy":"user@cts.com"
      }
   ]
}